{
    "dataset_name": "Dataset107_ISLES",
    "plans_name": "nnUNetPlans",
    "original_median_spacing_after_transp": [
        1.0,
        1.0,
        1.0
    ],
    "original_median_shape_after_transp": [
        141,
        175,
        146
    ],
    "image_reader_writer": "SimpleITKIO",
    "transpose_forward": [
        0,
        1,
        2
    ],
    "transpose_backward": [
        0,
        1,
        2
    ],
    "configurations": {
        "2d": {
            "data_identifier": "nnUNetPlans_2d",
            "preprocessor_name": "DefaultPreprocessor",
            "batch_size": 106,
            "patch_size": [
                192,
                160
            ],
            "median_image_size_in_voxels": [
                175.0,
                146.0
            ],
            "spacing": [
                1.0,
                1.0
            ],
            "normalization_schemes": [
                "ZScoreNormalization",
                "ZScoreNormalization",
                "ZScoreNormalization"
            ],
            "use_mask_for_norm": [
                true,
                true,
                true
            ],
            "resampling_fn_data": "resample_data_or_seg_to_shape",
            "resampling_fn_seg": "resample_data_or_seg_to_shape",
            "resampling_fn_data_kwargs": {
                "is_seg": false,
                "order": 3,
                "order_z": 0,
                "force_separate_z": null
            },
            "resampling_fn_seg_kwargs": {
                "is_seg": true,
                "order": 1,
                "order_z": 0,
                "force_separate_z": null
            },
            "resampling_fn_probabilities": "resample_data_or_seg_to_shape",
            "resampling_fn_probabilities_kwargs": {
                "is_seg": false,
                "order": 1,
                "order_z": 0,
                "force_separate_z": null
            },
            "architecture": {
                "network_class_name": "dynamic_network_architectures.architectures.unet.PlainConvUNet",
                "arch_kwargs": {
                    "n_stages": 6,
                    "features_per_stage": [
                        32,
                        64,
                        128,
                        256,
                        512,
                        512
                    ],
                    "conv_op": "torch.nn.modules.conv.Conv2d",
                    "kernel_sizes": [
                        [
                            3,
                            3
                        ],
                        [
                            3,
                            3
                        ],
                        [
                            3,
                            3
                        ],
                        [
                            3,
                            3
                        ],
                        [
                            3,
                            3
                        ],
                        [
                            3,
                            3
                        ]
                    ],
                    "strides": [
                        [
                            1,
                            1
                        ],
                        [
                            2,
                            2
                        ],
                        [
                            2,
                            2
                        ],
                        [
                            2,
                            2
                        ],
                        [
                            2,
                            2
                        ],
                        [
                            2,
                            2
                        ]
                    ],
                    "n_conv_per_stage": [
                        2,
                        2,
                        2,
                        2,
                        2,
                        2
                    ],
                    "n_conv_per_stage_decoder": [
                        2,
                        2,
                        2,
                        2,
                        2
                    ],
                    "conv_bias": true,
                    "norm_op": "torch.nn.modules.instancenorm.InstanceNorm2d",
                    "norm_op_kwargs": {
                        "eps": 1e-05,
                        "affine": true
                    },
                    "dropout_op": null,
                    "dropout_op_kwargs": null,
                    "nonlin": "torch.nn.LeakyReLU",
                    "nonlin_kwargs": {
                        "inplace": true
                    }
                },
                "_kw_requires_import": [
                    "conv_op",
                    "norm_op",
                    "dropout_op",
                    "nonlin"
                ]
            },
            "batch_dice": true
        },
        "3d_fullres": {
            "data_identifier": "nnUNetPlans_3d_fullres",
            "preprocessor_name": "DefaultPreprocessor",
            "batch_size": 2,
            "patch_size": [
                128,
                128,
                128
            ],
            "median_image_size_in_voxels": [
                141.0,
                175.0,
                146.0
            ],
            "spacing": [
                1.0,
                1.0,
                1.0
            ],
            "normalization_schemes": [
                "ZScoreNormalization",
                "ZScoreNormalization",
                "ZScoreNormalization"
            ],
            "use_mask_for_norm": [
                true,
                true,
                true
            ],
            "resampling_fn_data": "resample_data_or_seg_to_shape",
            "resampling_fn_seg": "resample_data_or_seg_to_shape",
            "resampling_fn_data_kwargs": {
                "is_seg": false,
                "order": 3,
                "order_z": 0,
                "force_separate_z": null
            },
            "resampling_fn_seg_kwargs": {
                "is_seg": true,
                "order": 1,
                "order_z": 0,
                "force_separate_z": null
            },
            "resampling_fn_probabilities": "resample_data_or_seg_to_shape",
            "resampling_fn_probabilities_kwargs": {
                "is_seg": false,
                "order": 1,
                "order_z": 0,
                "force_separate_z": null
            },
            "architecture": {
                "network_class_name": "dynamic_network_architectures.architectures.unet.PlainConvUNet",
                "arch_kwargs": {
                    "n_stages": 6,
                    "features_per_stage": [
                        32,
                        64,
                        128,
                        256,
                        320,
                        320
                    ],
                    "conv_op": "torch.nn.modules.conv.Conv3d",
                    "kernel_sizes": [
                        [
                            3,
                            3,
                            3
                        ],
                        [
                            3,
                            3,
                            3
                        ],
                        [
                            3,
                            3,
                            3
                        ],
                        [
                            3,
                            3,
                            3
                        ],
                        [
                            3,
                            3,
                            3
                        ],
                        [
                            3,
                            3,
                            3
                        ]
                    ],
                    "strides": [
                        [
                            1,
                            1,
                            1
                        ],
                        [
                            2,
                            2,
                            2
                        ],
                        [
                            2,
                            2,
                            2
                        ],
                        [
                            2,
                            2,
                            2
                        ],
                        [
                            2,
                            2,
                            2
                        ],
                        [
                            2,
                            2,
                            2
                        ]
                    ],
                    "n_conv_per_stage": [
                        2,
                        2,
                        2,
                        2,
                        2,
                        2
                    ],
                    "n_conv_per_stage_decoder": [
                        2,
                        2,
                        2,
                        2,
                        2
                    ],
                    "conv_bias": true,
                    "norm_op": "torch.nn.modules.instancenorm.InstanceNorm3d",
                    "norm_op_kwargs": {
                        "eps": 1e-05,
                        "affine": true
                    },
                    "dropout_op": null,
                    "dropout_op_kwargs": null,
                    "nonlin": "torch.nn.LeakyReLU",
                    "nonlin_kwargs": {
                        "inplace": true
                    }
                },
                "_kw_requires_import": [
                    "conv_op",
                    "norm_op",
                    "dropout_op",
                    "nonlin"
                ]
            },
            "batch_dice": false
        },
        "3d_fullres_resenc": {
            "inherits_from": "3d_fullres",
            "network_arch_class_name": "ResidualEncoderUNet",
            "n_conv_per_stage_encoder": [
                1,
                3,
                4,
                6,
                6,
                6
            ],
            "n_conv_per_stage_decoder": [
                1,
                1,
                1,
                1,
                1
            ]
        },
        "3d_fullres_resenc_bs4": {
            "inherits_from": "3d_fullres_resenc",
            "batch_size": 4
        },
        "3d_fullres_bs4": {
            "inherits_from": "3d_fullres",
            "batch_size": 4
        }
    },
    "experiment_planner_used": "ExperimentPlanner",
    "label_manager": "LabelManager",
    "foreground_intensity_properties_per_channel": {
        "0": {
            "max": 4358.02294921875,
            "mean": 373.19655622465086,
            "median": 310.6007995605469,
            "min": -91.31926727294922,
            "percentile_00_5": 30.77525520324707,
            "percentile_99_5": 2027.2813720703125,
            "std": 295.82684078498824
        },
        "1": {
            "max": 5432.1259765625,
            "mean": 234.50892523606697,
            "median": 0.9197036027908325,
            "min": -702.013916015625,
            "percentile_00_5": 0.00031738405232317746,
            "percentile_99_5": 1852.3883056640625,
            "std": 399.99637419939404
        },
        "2": {
            "max": 3743.8056640625,
            "mean": 1033.1567763447772,
            "median": 1164.57421875,
            "min": 0.0,
            "percentile_00_5": 129.9771270751953,
            "percentile_99_5": 1920.922119140625,
            "std": 471.67997052232306
        }
    }
}