{
    "dataset_name": "Dataset110_SOOPDWI",
    "plans_name": "nnUNetResEncUNetPlans",
    "original_median_spacing_after_transp": [
        1.0,
        1.0,
        1.0
    ],
    "original_median_shape_after_transp": [
        172,
        239,
        166
    ],
    "image_reader_writer": "SimpleITKIO",
    "transpose_forward": [
        0,
        1,
        2
    ],
    "transpose_backward": [
        0,
        1,
        2
    ],
    "configurations": {
        "2d": {
            "data_identifier": "nnUNetPlans_2d",
            "preprocessor_name": "DefaultPreprocessor",
            "batch_size": 67,
            "patch_size": [
                256,
                192
            ],
            "median_image_size_in_voxels": [
                239.0,
                166.0
            ],
            "spacing": [
                1.0,
                1.0
            ],
            "normalization_schemes": [
                "ZScoreNormalization",
                "ZScoreNormalization"
            ],
            "use_mask_for_norm": [
                true,
                true
            ],
            "resampling_fn_data": "resample_data_or_seg_to_shape",
            "resampling_fn_seg": "resample_data_or_seg_to_shape",
            "resampling_fn_data_kwargs": {
                "is_seg": false,
                "order": 3,
                "order_z": 0,
                "force_separate_z": null
            },
            "resampling_fn_seg_kwargs": {
                "is_seg": true,
                "order": 1,
                "order_z": 0,
                "force_separate_z": null
            },
            "resampling_fn_probabilities": "resample_data_or_seg_to_shape",
            "resampling_fn_probabilities_kwargs": {
                "is_seg": false,
                "order": 1,
                "order_z": 0,
                "force_separate_z": null
            },
            "architecture": {
                "network_class_name": "dynamic_network_architectures.architectures.unet.ResidualEncoderUNet",
                "arch_kwargs": {
                    "n_stages": 6,
                    "features_per_stage": [
                        32,
                        64,
                        128,
                        256,
                        512,
                        512
                    ],
                    "conv_op": "torch.nn.modules.conv.Conv2d",
                    "kernel_sizes": [
                        [
                            3,
                            3
                        ],
                        [
                            3,
                            3
                        ],
                        [
                            3,
                            3
                        ],
                        [
                            3,
                            3
                        ],
                        [
                            3,
                            3
                        ],
                        [
                            3,
                            3
                        ]
                    ],
                    "strides": [
                        [
                            1,
                            1
                        ],
                        [
                            2,
                            2
                        ],
                        [
                            2,
                            2
                        ],
                        [
                            2,
                            2
                        ],
                        [
                            2,
                            2
                        ],
                        [
                            2,
                            2
                        ]
                    ],
                    "n_blocks_per_stage": [
                        1,
                        3,
                        4,
                        6,
                        6,
                        6
                    ],
                    "n_conv_per_stage_decoder": [
                        1,
                        1,
                        1,
                        1,
                        1
                    ],
                    "conv_bias": true,
                    "norm_op": "torch.nn.modules.instancenorm.InstanceNorm2d",
                    "norm_op_kwargs": {
                        "eps": 1e-05,
                        "affine": true
                    },
                    "dropout_op": null,
                    "dropout_op_kwargs": null,
                    "nonlin": "torch.nn.LeakyReLU",
                    "nonlin_kwargs": {
                        "inplace": true
                    }
                },
                "_kw_requires_import": [
                    "conv_op",
                    "norm_op",
                    "dropout_op",
                    "nonlin"
                ]
            },
            "batch_dice": true
        },
        "3d_fullres": {
            "data_identifier": "nnUNetPlans_3d_fullres",
            "preprocessor_name": "DefaultPreprocessor",
            "batch_size": 2,
            "patch_size": [
                128,
                160,
                112
            ],
            "median_image_size_in_voxels": [
                172.0,
                239.0,
                166.0
            ],
            "spacing": [
                1.0,
                1.0,
                1.0
            ],
            "normalization_schemes": [
                "ZScoreNormalization",
                "ZScoreNormalization"
            ],
            "use_mask_for_norm": [
                true,
                true
            ],
            "resampling_fn_data": "resample_data_or_seg_to_shape",
            "resampling_fn_seg": "resample_data_or_seg_to_shape",
            "resampling_fn_data_kwargs": {
                "is_seg": false,
                "order": 3,
                "order_z": 0,
                "force_separate_z": null
            },
            "resampling_fn_seg_kwargs": {
                "is_seg": true,
                "order": 1,
                "order_z": 0,
                "force_separate_z": null
            },
            "resampling_fn_probabilities": "resample_data_or_seg_to_shape",
            "resampling_fn_probabilities_kwargs": {
                "is_seg": false,
                "order": 1,
                "order_z": 0,
                "force_separate_z": null
            },
            "architecture": {
                "network_class_name": "dynamic_network_architectures.architectures.unet.ResidualEncoderUNet",
                "arch_kwargs": {
                    "n_stages": 6,
                    "features_per_stage": [
                        32,
                        64,
                        128,
                        256,
                        320,
                        320
                    ],
                    "conv_op": "torch.nn.modules.conv.Conv3d",
                    "kernel_sizes": [
                        [
                            3,
                            3,
                            3
                        ],
                        [
                            3,
                            3,
                            3
                        ],
                        [
                            3,
                            3,
                            3
                        ],
                        [
                            3,
                            3,
                            3
                        ],
                        [
                            3,
                            3,
                            3
                        ],
                        [
                            3,
                            3,
                            3
                        ]
                    ],
                    "strides": [
                        [
                            1,
                            1,
                            1
                        ],
                        [
                            2,
                            2,
                            2
                        ],
                        [
                            2,
                            2,
                            2
                        ],
                        [
                            2,
                            2,
                            2
                        ],
                        [
                            2,
                            2,
                            2
                        ],
                        [
                            2,
                            2,
                            1
                        ]
                    ],
                    "n_blocks_per_stage": [
                        1,
                        3,
                        4,
                        6,
                        6,
                        6
                    ],
                    "n_conv_per_stage_decoder": [
                        1,
                        1,
                        1,
                        1,
                        1
                    ],
                    "conv_bias": true,
                    "norm_op": "torch.nn.modules.instancenorm.InstanceNorm3d",
                    "norm_op_kwargs": {
                        "eps": 1e-05,
                        "affine": true
                    },
                    "dropout_op": null,
                    "dropout_op_kwargs": null,
                    "nonlin": "torch.nn.LeakyReLU",
                    "nonlin_kwargs": {
                        "inplace": true
                    }
                },
                "_kw_requires_import": [
                    "conv_op",
                    "norm_op",
                    "dropout_op",
                    "nonlin"
                ]
            },
            "batch_dice": false
        }
    },
    "experiment_planner_used": "ResEncUNetPlanner",
    "label_manager": "LabelManager",
    "foreground_intensity_properties_per_channel": {
        "0": {
            "max": 72806.734375,
            "mean": 1074.64208984375,
            "median": 959.5524291992188,
            "min": -3200.517333984375,
            "percentile_00_5": 127.26960716247558,
            "percentile_99_5": 5719.10986328125,
            "std": 1138.1995849609375
        },
        "1": {
            "max": 236838.5625,
            "mean": 5009.07958984375,
            "median": 4288.15869140625,
            "min": -38298.4609375,
            "percentile_00_5": 2.872644186019895,
            "percentile_99_5": 26283.695166015677,
            "std": 5544.48779296875
        }
    }
}