{
    "dataset_name": "Dataset112_SOOPDWIFLAIR",
    "plans_name": "nnUNetPlans",
    "original_median_spacing_after_transp": [
        1.0,
        1.0,
        1.0
    ],
    "original_median_shape_after_transp": [
        186,
        240,
        166
    ],
    "image_reader_writer": "SimpleITKIO",
    "transpose_forward": [
        0,
        1,
        2
    ],
    "transpose_backward": [
        0,
        1,
        2
    ],
    "configurations": {
        "2d": {
            "data_identifier": "nnUNetPlans_2d",
            "preprocessor_name": "DefaultPreprocessor",
            "batch_size": 66,
            "patch_size": [
                256,
                192
            ],
            "median_image_size_in_voxels": [
                240.0,
                166.0
            ],
            "spacing": [
                1.0,
                1.0
            ],
            "normalization_schemes": [
                "ZScoreNormalization",
                "ZScoreNormalization",
                "ZScoreNormalization"
            ],
            "use_mask_for_norm": [
                true,
                true,
                true
            ],
            "resampling_fn_data": "resample_data_or_seg_to_shape",
            "resampling_fn_seg": "resample_data_or_seg_to_shape",
            "resampling_fn_data_kwargs": {
                "is_seg": false,
                "order": 3,
                "order_z": 0,
                "force_separate_z": null
            },
            "resampling_fn_seg_kwargs": {
                "is_seg": true,
                "order": 1,
                "order_z": 0,
                "force_separate_z": null
            },
            "resampling_fn_probabilities": "resample_data_or_seg_to_shape",
            "resampling_fn_probabilities_kwargs": {
                "is_seg": false,
                "order": 1,
                "order_z": 0,
                "force_separate_z": null
            },
            "architecture": {
                "network_class_name": "dynamic_network_architectures.architectures.unet.PlainConvUNet",
                "arch_kwargs": {
                    "n_stages": 6,
                    "features_per_stage": [
                        32,
                        64,
                        128,
                        256,
                        512,
                        512
                    ],
                    "conv_op": "torch.nn.modules.conv.Conv2d",
                    "kernel_sizes": [
                        [
                            3,
                            3
                        ],
                        [
                            3,
                            3
                        ],
                        [
                            3,
                            3
                        ],
                        [
                            3,
                            3
                        ],
                        [
                            3,
                            3
                        ],
                        [
                            3,
                            3
                        ]
                    ],
                    "strides": [
                        [
                            1,
                            1
                        ],
                        [
                            2,
                            2
                        ],
                        [
                            2,
                            2
                        ],
                        [
                            2,
                            2
                        ],
                        [
                            2,
                            2
                        ],
                        [
                            2,
                            2
                        ]
                    ],
                    "n_conv_per_stage": [
                        2,
                        2,
                        2,
                        2,
                        2,
                        2
                    ],
                    "n_conv_per_stage_decoder": [
                        2,
                        2,
                        2,
                        2,
                        2
                    ],
                    "conv_bias": true,
                    "norm_op": "torch.nn.modules.instancenorm.InstanceNorm2d",
                    "norm_op_kwargs": {
                        "eps": 1e-05,
                        "affine": true
                    },
                    "dropout_op": null,
                    "dropout_op_kwargs": null,
                    "nonlin": "torch.nn.LeakyReLU",
                    "nonlin_kwargs": {
                        "inplace": true
                    }
                },
                "_kw_requires_import": [
                    "conv_op",
                    "norm_op",
                    "dropout_op",
                    "nonlin"
                ]
            },
            "batch_dice": true
        },
        "3d_fullres": {
            "data_identifier": "nnUNetPlans_3d_fullres",
            "preprocessor_name": "DefaultPreprocessor",
            "batch_size": 2,
            "patch_size": [
                128,
                160,
                112
            ],
            "median_image_size_in_voxels": [
                186.0,
                240.0,
                166.0
            ],
            "spacing": [
                1.0,
                1.0,
                1.0
            ],
            "normalization_schemes": [
                "ZScoreNormalization",
                "ZScoreNormalization",
                "ZScoreNormalization"
            ],
            "use_mask_for_norm": [
                true,
                true,
                true
            ],
            "resampling_fn_data": "resample_data_or_seg_to_shape",
            "resampling_fn_seg": "resample_data_or_seg_to_shape",
            "resampling_fn_data_kwargs": {
                "is_seg": false,
                "order": 3,
                "order_z": 0,
                "force_separate_z": null
            },
            "resampling_fn_seg_kwargs": {
                "is_seg": true,
                "order": 1,
                "order_z": 0,
                "force_separate_z": null
            },
            "resampling_fn_probabilities": "resample_data_or_seg_to_shape",
            "resampling_fn_probabilities_kwargs": {
                "is_seg": false,
                "order": 1,
                "order_z": 0,
                "force_separate_z": null
            },
            "architecture": {
                "network_class_name": "dynamic_network_architectures.architectures.unet.PlainConvUNet",
                "arch_kwargs": {
                    "n_stages": 6,
                    "features_per_stage": [
                        32,
                        64,
                        128,
                        256,
                        320,
                        320
                    ],
                    "conv_op": "torch.nn.modules.conv.Conv3d",
                    "kernel_sizes": [
                        [
                            3,
                            3,
                            3
                        ],
                        [
                            3,
                            3,
                            3
                        ],
                        [
                            3,
                            3,
                            3
                        ],
                        [
                            3,
                            3,
                            3
                        ],
                        [
                            3,
                            3,
                            3
                        ],
                        [
                            3,
                            3,
                            3
                        ]
                    ],
                    "strides": [
                        [
                            1,
                            1,
                            1
                        ],
                        [
                            2,
                            2,
                            2
                        ],
                        [
                            2,
                            2,
                            2
                        ],
                        [
                            2,
                            2,
                            2
                        ],
                        [
                            2,
                            2,
                            2
                        ],
                        [
                            2,
                            2,
                            1
                        ]
                    ],
                    "n_conv_per_stage": [
                        2,
                        2,
                        2,
                        2,
                        2,
                        2
                    ],
                    "n_conv_per_stage_decoder": [
                        2,
                        2,
                        2,
                        2,
                        2
                    ],
                    "conv_bias": true,
                    "norm_op": "torch.nn.modules.instancenorm.InstanceNorm3d",
                    "norm_op_kwargs": {
                        "eps": 1e-05,
                        "affine": true
                    },
                    "dropout_op": null,
                    "dropout_op_kwargs": null,
                    "nonlin": "torch.nn.LeakyReLU",
                    "nonlin_kwargs": {
                        "inplace": true
                    }
                },
                "_kw_requires_import": [
                    "conv_op",
                    "norm_op",
                    "dropout_op",
                    "nonlin"
                ]
            },
            "batch_dice": false
        },
        "3d_fullres_resenc": {
            "inherits_from": "3d_fullres",
            "network_arch_class_name": "ResidualEncoderUNet",
            "n_conv_per_stage_encoder": [
                1,
                3,
                4,
                6,
                6,
                6
            ],
            "n_conv_per_stage_decoder": [
                1,
                1,
                1,
                1,
                1
            ]
        },
        "3d_fullres_resenc_bs4": {
            "inherits_from": "3d_fullres_resenc",
            "batch_size": 4
        },
        "3d_fullres_bs4": {
            "inherits_from": "3d_fullres",
            "batch_size": 4
        }
    },
    "experiment_planner_used": "ExperimentPlanner",
    "label_manager": "LabelManager",
    "foreground_intensity_properties_per_channel": {
        "0": {
            "max": 72806.734375,
            "mean": 1074.64208984375,
            "median": 959.5529174804688,
            "min": -3200.517333984375,
            "percentile_00_5": 127.26445331573487,
            "percentile_99_5": 5719.10986328125,
            "std": 1138.1995849609375
        },
        "1": {
            "max": 236838.5625,
            "mean": 5009.0791015625,
            "median": 4288.15869140625,
            "min": -38298.4609375,
            "percentile_00_5": 2.8660786151885986,
            "percentile_99_5": 26283.695166015677,
            "std": 5544.48876953125
        },
        "2": {
            "max": 215822.6875,
            "mean": 1050.523681640625,
            "median": 974.6307983398438,
            "min": -919.418212890625,
            "percentile_00_5": 53.57142105102539,
            "percentile_99_5": 2190.948376464854,
            "std": 2872.177978515625
        }
    }
}